ds,y,price,promotion,holiday
2020-01-01,78.74475932775003,50.49671415301123,0,0
2020-01-02,59.0163311044963,49.92844486034241,0,0
2020-01-03,64.35482837001449,50.78109498606918,0,0
2020-01-04,39.02064730759868,51.72310984282792,0,0
2020-01-05,64.41593923740199,50.032564533427134,0,0
2020-01-06,74.74157724478196,50.0991713938339,0,0
2020-01-07,69.89882517344712,51.979052275899846,0,0
2020-01-08,78.55357821643749,51.23373412276827,0,0
2020-01-09,89.08141017295492,50.06320193382386,0,0
2020-01-10,60.44278946550313,51.141518466492116,0,0
2020-01-11,51.73701584595847,50.201716211207895,0,0
2020-01-12,74.4189046284921,50.26546122947421,0,0
2020-01-13,86.0128390417866,51.0390801725646,0,0
2020-01-14,80.0910893051646,48.949622677415235,0,0
2020-01-15,90.37342969645981,49.20361650320458,0,0
2020-01-16,87.20894303828035,50.43171292948515,0,0
2020-01-17,62.593172948578555,50.046458516981716,0,0
2020-01-18,58.72783116696266,51.43863758179883,0,0
2020-01-19,100.65878894067794,50.28126663015026,1,0
2020-01-20,112.87642254384113,49.841675752297846,1,0
2020-01-21,85.11446415739579,52.7840937466101,0,0
2020-01-22,77.09729341237512,51.15689950168777,0,0
2020-01-23,94.82395251457949,51.514188697894404,0,0
2020-01-24,67.45192005327976,50.085639474502464,0,0
2020-01-25,63.39500117239535,51.02946323595071,0,0
2020-01-26,70.68789406018875,51.74794668583129,0,0
2020-01-27,89.48260744945621,50.54891724373794,0,0
2020-01-28,91.02679458469817,52.13819295932048,0,0
2020-01-29,90.52181517219033,51.224126624896215,0,0
2020-01-30,85.67339082383765,51.59501710798821,0,0
2020-01-31,74.24273752924613,51.34661393056934,0,0
2020-02-01,71.61693675783128,53.86186158708713,0,0
2020-02-02,50.534927078420964,52.05699130683251,0,0
2020-02-03,77.32746196972198,51.073314158950716,0,0
2020-02-04,88.50967395634929,53.01372720743155,0,0
2020-02-05,81.10587771857912,51.03010579513509,0,0
2020-02-06,87.3637341625747,52.519179492950194,0,0
2020-02-07,75.84483398611471,50.40960096200113,0,0
2020-02-08,86.03577520564032,51.09961846525892,0,0
2020-02-09,110.80002107488461,52.682766998967196,1,0
2020-02-10,77.28561617962635,53.28203106995506,0,0
2020-02-11,88.37412194097976,52.772138711963045,0,0
2020-02-12,91.47100121364474,52.541865119782635,0,0
2020-02-13,83.51489930644811,52.41267960761062,0,0
2020-02-14,81.17737572028062,51.29104812675197,0,0
2020-02-15,67.94808564780963,52.105019704789356,0,0
2020-02-16,67.05375695748785,52.41901607745218,0,0
2020-02-17,88.16713870508067,53.991055395555506,0,0
2020-02-18,96.86634751307642,53.33130750331162,0,0
2020-02-19,89.12404972872116,51.27787325702584,0,0
2020-02-20,96.16871526893607,53.41768026009969,0,0
2020-02-21,76.08654182144029,52.76064619006961,0,0
2020-02-22,78.26864948683841,52.52037867125068,0,0
2020-02-23,84.1410539587404,53.859980002266035,0,0
2020-02-24,85.13587423706318,54.329728039412984,0,0
2020-02-25,97.22810631407813,54.27984622490757,0,0
2020-02-26,92.92188920362926,52.55859008511621,0,0
2020-02-27,89.98848056496145,53.1372318831096,0,0
2020-02-28,81.0711097387577,53.82573083113341,0,0
2020-02-29,71.1630983547785,54.517413609053214,0,0
2020-03-01,103.9453304754299,53.1094648297376,1,0
2020-03-02,75.85326858676257,53.449111854277405,0,0
2020-03-03,93.04087209053223,52.57392058597338,0,0
2020-03-04,96.94529086623636,52.528878533770516,0,0
2020-03-05,90.61379855489417,54.58177746672592,0,0
2020-03-06,81.92361656671048,55.16898718580907,0,0
2020-03-07,104.1965499408198,53.78355383224932,1,0
2020-03-08,84.94507681919514,54.901227310076735,0,0
2020-03-09,96.60914846774844,54.3007670576066,0,0
2020-03-10,93.16875233242247,53.334746684114556,0,0
2020-03-11,90.19345085467677,54.38128898476741,0,0
2020-03-12,85.46932292302016,55.59724129535068,0,0
2020-03-13,82.54769661927598,54.06196745057873,0,0
2020-03-14,77.30966590477725,55.70029644820656,0,0
2020-03-15,79.03043960030453,51.5530307934808,0,0
2020-03-16,80.43079546231692,55.03105870122443,0,0
2020-03-17,120.67843603988867,54.331834282321914,1,0
2020-03-18,103.16975818406502,53.98065525604498,0,0
2020-03-19,100.97910204692299,54.40553694241332,0,0
2020-03-20,84.7165807960874,52.35955290494681,0,0
2020-03-21,79.39798193713733,54.16002174374277,0,0
2020-03-22,76.98427349291273,54.7685983753005,0,0
2020-03-23,91.34349291841262,55.9203867215134,0,0
2020-03-24,94.18127234690314,53.9544385126478,0,0
2020-03-25,132.84058692423395,53.6936349845116,1,0
2020-03-26,83.49088633205604,54.028989965537754,0,0
2020-03-27,110.37316818863577,55.47396101934181,1,0
2020-03-28,85.7960092105269,54.91431042375473,0,0
2020-03-29,87.52113403912377,54.08198323631266,0,0
2020-03-30,114.80896057068671,55.150374051607656,0,0
2020-03-31,104.29342983423018,54.75872188372634,0,0
2020-04-01,119.89880509141656,55.653997210246594,1,0
2020-04-02,98.03657785591571,54.00617296032535,0,0
2020-04-03,75.75523870065304,54.40259961942109,0,0
2020-04-04,84.05441746851098,54.359347279399806,0,0
2020-04-05,80.80972966588142,53.30828833287423,0,0
2020-04-06,101.47257207607667,55.08742196633702,0,0
2020-04-07,122.67938919981665,55.07100245855146,1,0
2020-04-08,103.32982172751333,54.8328499098163,0,0
2020-04-09,94.0096769024519,54.610079189593804,0,0
2020-04-10,105.22141044704337,53.445363039979576,0,0
2020-04-11,82.69625676929144,54.45529064738444,0,0
2020-04-12,101.86019910597011,54.54755566462346,0,0
2020-04-13,101.9049004903584,54.10145659414219,0,0
2020-04-14,106.66460261823468,54.755038908421994,0,0
2020-04-15,107.33477577376769,55.33209106682639,0,0
2020-04-16,101.12384347523822,56.82506444882548,0,0
2020-04-17,75.10393157509463,55.12341551637051,0,0
2020-04-18,82.85205365489745,55.21546629565241,0,0
2020-04-19,94.0290432968358,54.89166561998921,0,0
2020-04-20,96.00224002207214,53.05465192179282,0,0
2020-04-21,91.65696135263904,54.95333553193408,0,0
2020-04-22,104.35588407948126,55.04561941261485,0,0
2020-04-23,111.3169152224485,57.453283649296395,0,0
2020-04-24,100.83709771589707,54.80144461684084,0,0
2020-04-25,84.60158417347915,55.29822800939328,0,0
2020-04-26,94.86261193658304,54.9639545116181,0,0
2020-04-27,117.91337776638177,53.831084033329475,1,0
2020-04-28,88.39236434336482,56.142790655387515,0,0
2020-04-29,96.80519518624749,55.751216587150985,0,0
2020-04-30,111.2346287995442,55.78874128057869,0,0
2020-05-01,89.01605597676489,54.0858580035229,0,0
2020-05-02,82.1913301088992,56.39468667834667,0,0
2020-05-03,85.58884166282688,53.58579959491396,0,0
2020-05-04,109.59740048890521,55.569378178081884,0,0
2020-05-05,114.01398318192966,57.16696018607441,0,0
2020-05-06,122.85614340789144,53.97906583153995,0,0
2020-05-07,98.06384222673519,54.39551737261097,0,0
2020-05-08,92.4909105254217,55.05279614817372,0,0
2020-05-09,72.93396993858343,54.44011708859587,0,0
2020-05-10,99.47198993405341,53.382497250407326,0,0
2020-05-11,84.92056532307136,54.99041343121264,0,0
2020-05-12,104.52444478919324,53.84736036714586,0,0
2020-05-13,94.78132525164071,55.3701961548308,0,0
2020-05-14,94.3233663488771,53.96324747704936,0,0
2020-05-15,81.83614599022664,56.41780492722333,0,0
2020-05-16,79.79655663218082,54.068949499422644,0,0
2020-05-17,81.8536538012953,54.513609792787214,0,0
2020-05-18,88.699335316179,55.63179623408662,0,0
2020-05-19,108.89354524843571,53.56916469454097,0,0
2020-05-20,94.1867542018728,55.008384475098495,0,0
2020-05-21,98.50912653420738,56.06811176039054,0,0
2020-05-22,124.73317818725816,53.13268272558773,1,0
2020-05-23,79.09802114380146,54.90315296434959,0,0
2020-05-24,79.21448328932416,54.95591509077026,0,0
2020-05-25,90.43956618007476,55.45453240697105,0,0
2020-05-26,110.82309196783339,53.4116042626959,0,0
2020-05-27,129.79481939236464,53.30311629839006,1,0
2020-05-28,92.15663291709772,55.11970936162879,0,0
2020-05-29,91.61900650236304,54.868128894050685,0,0
2020-05-30,73.41103388506485,54.79419977556384,0,0
2020-05-31,89.40082573542935,54.861909002889405,0,0
2020-06-01,95.61002910263494,53.806386131924455,0,0
2020-06-02,96.91047509998938,54.68881597396036,0,0
2020-06-03,94.40246296364754,54.71899284999744,0,0
2020-06-04,114.16012190280567,53.68013918981334,1,0
2020-06-05,89.89394686288186,56.228053076255875,0,0
2020-06-06,90.85479624070815,54.80312290356819,0,0
2020-06-07,78.86279014758388,53.10422723565001,0,0
2020-06-08,93.99310339060297,54.917560433899176,0,0
2020-06-09,82.42820841907552,53.2510427353512,0,0
2020-06-10,94.98182880408834,54.97677435824322,0,0
2020-06-11,93.574891773145,55.311504865654626,0,0
2020-06-12,79.08737291787942,53.294707231045955,0,0
2020-06-13,97.0458210890984,55.0405133509753,1,0
2020-06-14,76.34308065053929,54.450940039972764,0,0
2020-06-15,91.38458478833286,54.82052232189512,0,0
2020-06-16,94.44325480878776,55.85484641752801,0,0
2020-06-17,81.294399548915,53.67155200920864,0,0
2020-06-18,77.00704468487794,53.12139338723487,0,0
2020-06-19,80.36130653137646,52.94311472719211,0,0
2020-06-20,108.24121006615107,52.97363622151965,1,0
2020-06-21,58.838477809142745,53.66848757822834,0,0
2020-06-22,109.17064513475498,54.042217282235605,1,0
2020-06-23,91.64597120257295,53.932573290965756,0,0
2020-06-24,108.33199826339563,54.43723213243078,0,0
2020-06-25,89.12811726804759,53.57657453352503,0,0
2020-06-26,85.40955061881196,54.969996116898045,0,0
2020-06-27,79.09136161544122,53.204068630709436,0,0
2020-06-28,60.58180798422242,56.140540578559715,0,0
2020-06-29,92.88008412394242,53.99707583919522,0,0
2020-06-30,97.13777825806461,52.46468786191901,0,0
2020-07-01,101.38558457603929,52.20079851746638,0,0
2020-07-02,122.05624911801978,53.70342662635619,0,0
2020-07-03,65.61518735652889,52.946181251546854,0,0
2020-07-04,89.8449115258198,53.83177012074654,0,0
2020-07-05,100.67391531083175,53.538577839320624,1,0
2020-07-06,88.30018752820389,52.93953622157976,0,0
2020-07-07,118.82598357769353,52.11206009727652,1,0
2020-07-08,93.02425812170844,51.389968559065004,0,0
2020-07-09,85.53180152108125,52.403745706827756,0,0
2020-07-10,82.96863014253925,53.65159694658943,0,0
2020-07-11,63.067465375468835,52.953731809804204,0,0
2020-07-12,83.99686499562368,51.437851510791894,0,0
2020-07-13,81.32377705843419,52.80024572680658,0,0
2020-07-14,83.12021927494581,52.95538904199589,0,0
2020-07-15,91.21936531844511,51.62876358272377,0,0
2020-07-16,98.58099698849436,52.60844820380202,0,0
2020-07-17,75.47326230303165,52.45459692405636,0,0
2020-07-18,77.8988679609872,51.19465642869072,0,0
2020-07-19,69.91098491823497,52.636236481210304,0,0
2020-07-20,89.34732842607792,52.779650449348914,0,0
2020-07-21,96.0720740610112,53.241938982601305,0,0
2020-07-22,107.18196921299419,53.15232729909407,0,0
2020-07-23,87.13622807715235,50.660119823195814,0,0
2020-07-24,84.76295748507151,51.03886534356388,0,0
2020-07-25,73.63193953419525,52.43027496759221,0,0
2020-07-26,85.01000108344851,52.36723403176303,0,0
2020-07-27,76.57633782088773,52.306374210862046,0,0
2020-07-28,93.63834798902799,55.58161758056184,0,0
2020-07-29,90.22126983688166,52.23702840276969,0,0
2020-07-30,85.33491811422581,52.73865874120279,0,0
2020-07-31,77.91023460585605,52.493764702992614,0,0
2020-08-01,73.87705724059602,52.12754993236874,0,0
2020-08-02,73.42170443020848,51.09702240341986,0,0
2020-08-03,83.0236875204929,52.107142430109,0,0
2020-08-04,102.7129941499644,50.510989565069806,0,0
2020-08-05,99.42237989318744,50.98240920789442,0,0
2020-08-06,93.15408427197792,50.66906026414919,0,0
2020-08-07,73.38394287637765,51.171288446942036,0,0
2020-08-08,62.8467955793345,53.33886944053885,0,0
2020-08-09,82.37106561771401,49.0915599253359,0,0
2020-08-10,87.68135636445696,51.5795288695932,0,0
2020-08-11,101.79933571620658,49.21483735640855,0,0
2020-08-12,86.23991687369092,50.28975859544276,0,0
2020-08-13,82.65774340994611,51.78464270147789,0,0
2020-08-14,63.34740544709189,50.693849925055275,0,0
2020-08-15,68.64622413206548,49.48559085822275,0,0
2020-08-16,81.37380300978269,49.78169737634936,0,0
2020-08-17,101.45346528460917,51.11017581163962,1,0
2020-08-18,94.06123948725725,49.633711759844225,0,0
2020-08-19,88.63268400488066,50.51397249952737,0,0
2020-08-20,87.41396285906714,50.27646830706474,0,0
2020-08-21,67.41049595532088,49.512637574333766,0,0
2020-08-22,69.87116728883746,52.24149422965504,0,0
2020-08-23,48.21784147876839,50.664764015902165,0,0
2020-08-24,80.30559600867201,47.9389917693893,0,0
2020-08-25,75.006129474055,50.083884417808854,0,0
2020-08-26,100.20638393093117,49.16895764397823,0,0
2020-08-27,90.29594680321175,50.61652157889937,0,0
2020-08-28,80.2774293371619,48.904953636247505,0,0
2020-08-29,82.82577260505016,49.5161779171064,0,0
2020-08-30,64.56711744951787,50.069407323271854,0,0
2020-08-31,93.71176269477195,50.36375846281784,0,0
2020-09-01,96.46867433710227,48.231379447596886,0,0
2020-09-02,88.46248548262754,49.030948373568165,0,0
2020-09-03,94.15182030051562,48.82439101084972,0,0
2020-09-04,67.69298902851956,48.580018528869374,0,0
2020-09-05,62.8781758609484,50.93294991477019,0,0
2020-09-06,92.5287015207278,49.50677349459846,1,0
2020-09-07,77.19517959041659,47.77536383066132,0,0
2020-09-08,79.31825161832722,49.88873729326568,0,0
2020-09-09,98.69924206498827,51.02784230139923,0,0
2020-09-10,82.257406698027,49.87315692456871,0,0
2020-09-11,80.32365672149677,47.25653362896684,0,0
2020-09-12,91.87800225200455,48.22709935731063,1,0
2020-09-13,57.658873831281134,49.91390381326298,0,0
2020-09-14,83.6679179476302,47.87522328445542,0,0
2020-09-15,73.31046282443458,48.96286452689691,0,0
2020-09-16,89.85314714404923,49.230095129209495,0,0
2020-09-17,75.33624419349853,47.46522152832979,0,0
2020-09-18,93.00158959733446,48.26960378487329,0,0
2020-09-19,81.32213391013491,45.02513637764382,0,0
2020-09-20,75.37309306787404,47.17959925481083,0,0
2020-09-21,117.03705879307296,47.88932163580754,1,0
2020-09-22,83.79977214407442,46.83234026297087,0,0
2020-09-23,94.9665269325003,49.65111016845732,0,0
2020-09-24,89.08972388337872,46.527485602347674,0,0
2020-09-25,80.37750474804417,47.45687417713994,0,0
2020-09-26,107.78467168141884,47.96732529923143,1,0
2020-09-27,79.63550726780814,49.21790918389017,0,0
2020-09-28,86.07944748899762,46.28122070292888,0,0
2020-09-29,76.69697276828154,48.821099953133476,0,0
2020-09-30,110.16676915239073,47.609439525292586,1,0
2020-10-01,87.32792420627374,46.559395447565855,0,0
2020-10-02,79.55266872675656,47.94514295680891,0,0
2020-10-03,64.72765452889571,47.62468261226178,0,0
2020-10-04,120.74865767778378,46.76844774474439,1,0
2020-10-05,96.13678300620234,47.38197682246366,0,0
2020-10-06,97.16612498859709,46.87084972243848,0,0
2020-10-07,94.71945827126018,47.31415768336183,0,0
2020-10-08,86.86875439108042,47.80774635220546,0,0
2020-10-09,71.84992830522505,48.6771159492396,0,0
2020-10-10,76.88009492464344,45.79928491013477,0,0
2020-10-11,78.12784029832737,49.11666249238589,0,0
2020-10-12,77.04927391462239,44.97860697842926,0,0
2020-10-13,96.45992437190776,46.7265217175619,0,0
2020-10-14,94.20776886301954,47.414791753859404,0,0
2020-10-15,75.24785589934766,47.05619907680534,0,0
2020-10-16,75.84325612185532,46.10181440408585,0,0
2020-10-17,73.98324469417264,46.46628146555989,0,0
2020-10-18,94.79562083127543,46.13188457068258,0,0
2020-10-19,92.30918110679956,45.98660335009105,0,0
2020-10-20,84.26598597055374,47.37726232592377,0,0
2020-10-21,101.40108545846141,46.836985956310784,0,0
2020-10-22,80.75114644895314,45.73999772547248,0,0
2020-10-23,117.29600529248238,47.28607903332294,1,0
2020-10-24,75.17198587443634,46.64799376748124,0,0
2020-10-25,80.07626330341624,47.10842285599937,0,0
2020-10-26,99.69051710801199,46.8807155058055,0,0
2020-10-27,87.94326435017072,45.37828493278399,0,0
2020-10-28,89.12831304566916,45.60396733457587,0,0
2020-10-29,89.63744242875688,46.86899324016007,0,0
2020-10-30,94.36279954082048,46.69031154633396,0,0
2020-10-31,69.26846128490568,46.017979151905045,0,0
2020-11-01,60.94079751801827,46.11585272253654,0,0
2020-11-02,87.33999616709923,47.23654714052786,0,0
2020-11-03,129.83959813223095,45.32838713053124,1,0
2020-11-04,111.51570383092204,46.428858473186914,0,0
2020-11-05,93.68077742742874,45.64210410987109,0,0
2020-11-06,85.7905115626333,45.58989099611986,0,0
2020-11-07,92.3480836153367,46.870370792558354,0,0
2020-11-08,70.65233707321786,46.56178473954187,0,0
2020-11-09,90.70392335781794,46.515411455880844,0,0
2020-11-10,103.18861075228057,46.973679171181935,0,0
2020-11-11,133.47221411255248,45.65627386390623,1,0
2020-11-12,95.31393560746363,46.28506962792229,0,0
2020-11-13,92.07563771477862,45.26147923419389,0,0
2020-11-14,66.43352415579794,45.865329961609824,0,0
2020-11-15,83.72137680990576,45.38123190130526,0,0
2020-11-16,100.67657753395751,45.579381298184785,0,0
2020-11-17,97.06509269288966,46.04935692762825,0,0
2020-11-18,108.72441308170026,44.60860299679384,0,0
2020-11-19,104.79176893720015,47.49264881569275,0,0
2020-11-20,92.38299161665176,44.368500829022175,0,0
2020-11-21,91.6409508086757,44.135409661415494,0,0
2020-11-22,83.2674190981643,46.48361704060935,0,0
2020-11-23,97.81592587025996,46.09390887189707,0,0
2020-11-24,112.71378746620296,45.9039422642967,0,0
2020-11-25,111.44634917095192,45.88658447600716,0,0
2020-11-26,100.96955690924958,45.22525280570963,0,0
2020-11-27,99.83331807369267,44.320353603068206,0,0
2020-11-28,98.10342394322332,45.27437225388148,0,0
2020-11-29,78.8861015222594,44.50322041985154,0,0
2020-11-30,111.66340156788739,46.13817425225563,0,0
2020-12-01,108.75039302965878,44.99953056113839,0,0
2020-12-02,117.69823806467993,44.30548813723402,0,0
2020-12-03,118.55913027795027,44.79486362880089,0,0
2020-12-04,114.26827223351943,45.51531442936479,1,0
2020-12-05,90.29350960766311,44.5256637635367,0,0
2020-12-06,96.2285783530426,44.255047411852516,0,0
2020-12-07,99.7969041326064,45.3097108174169,0,0
2020-12-08,128.22329985454564,45.300624284574965,0,0
2020-12-09,110.4079623294339,44.53922879992906,0,0
2020-12-10,107.84469916455585,44.56652977438766,0,0
2020-12-11,105.21824050497177,45.261897496541394,0,0
2020-12-12,90.19676037073884,43.57492744568472,0,0
2020-12-13,99.01740376691566,43.60959820647654,0,0
2020-12-14,112.52592842397347,44.293554978083854,0,0
2020-12-15,115.25667790361994,44.79437719215772,0,0
2020-12-16,144.20571545659564,45.31544572322702,1,0
2020-12-17,109.96272283559894,46.477497442546124,0,0
2020-12-18,94.30714771504226,45.85829359765791,0,0
2020-12-19,104.76894304916166,44.84007814255296,0,0
2020-12-20,148.5398832680731,44.98127322176277,0,1
2020-12-21,143.62670059004407,43.99892283271114,0,1
2020-12-22,152.8836903990652,44.98499163258739,0,1
2020-12-23,159.2162030704298,44.717788139054655,0,1
2020-12-24,138.15423887086575,45.332996262157906,0,1
2020-12-25,154.52914682492897,44.187765914610516,0,1
2020-12-26,136.64735911625914,45.53994992117665,0,1
2020-12-27,149.77770596848,46.55983526310503,0,1
2020-12-28,140.29816964559254,44.92571438338245,0,1
2020-12-29,168.63971742156832,45.44444836083705,0,1
2020-12-30,162.4968159135189,45.742025191752404,0,1
2020-12-31,156.54407767506893,44.660686116017615,0,1
2021-01-01,115.00234795381336,45.29690349949152,0,0
2021-01-02,106.34887201993067,45.097184949032226,0,0
2021-01-03,145.2812837606778,45.19492518090159,1,0
2021-01-04,120.6953113679062,44.33776858311247,0,0
2021-01-05,111.56251561592516,45.14968816797432,0,0
2021-01-06,120.42657723803735,45.638443690528256,0,0
2021-01-07,122.26391596586356,46.607721473677586,0,0
2021-01-08,118.36025058027802,46.132843347820526,0,0
2021-01-09,109.64289650976235,47.34460879909301,0,0
2021-01-10,124.28271793864685,44.44278858433138,0,0
2021-01-11,106.05108366510252,46.10201924479231,0,0
2021-01-12,131.56589187425533,45.43345224751558,0,0
2021-01-13,141.85467875012677,47.46117034802977,1,0
2021-01-14,134.61741813118593,44.48516805778044,0,0
2021-01-15,119.57934889811905,44.47668125068343,0,0
2021-01-16,118.56210640969371,44.74078093552779,0,0
2021-01-17,111.73896719304642,43.24087785170669,0,0
2021-01-18,136.029767194887,44.86444367721307,0,0
2021-01-19,167.5515432416239,44.657311762062676,1,0
2021-01-20,140.61994001816907,45.593899864595606,0,0
2021-01-21,129.80802815229814,45.813134820869685,0,0
2021-01-22,126.16557467619411,47.37622860205318,0,0
2021-01-23,111.54072059427305,46.47996156433645,0,0
2021-01-24,152.46912086118024,44.98290983157009,1,0
2021-01-25,142.28968351034138,44.692464985273986,0,0
2021-01-26,144.92656831727498,46.11464987566273,0,0
2021-01-27,134.14399112735245,44.33512775293171,0,0
2021-01-28,135.67198161828372,47.52022338127459,0,0
2021-01-29,114.62742288883942,46.902375845015875,0,0
2021-01-30,125.70507078547477,45.28869255158924,0,0
2021-01-31,127.93885992330489,44.08042130611253,0,0
2021-02-01,115.44972194679332,47.18386464014705,0,0
2021-02-02,130.35937373426358,45.75263116463912,0,0
2021-02-03,138.76833330566456,47.14290176062931,0,0
2021-02-04,135.59039632630964,44.34930117423893,0,0
2021-02-05,119.3350840017288,45.38371926106829,0,0
2021-02-06,126.6729486780011,46.02841849380148,0,0
2021-02-07,127.85453022660752,46.11094382215349,0,0
2021-02-08,132.83061284925074,45.65538685461162,0,0
2021-02-09,135.77731361345366,46.77048463396283,0,0
2021-02-10,153.69495595976684,45.12288241659318,0,0
2021-02-11,152.85348648961784,46.09166964308913,0,0
2021-02-12,152.23884097571798,46.39856142795252,1,0
2021-02-13,120.87784535819469,46.8375838133094,0,0
2021-02-14,131.8474429669399,47.080293566177794,0,0
2021-02-15,134.5023034050498,45.29021672535223,0,0
2021-02-16,144.69670388932275,44.92756297518247,0,0
2021-02-17,152.02748554972464,47.786802161927795,0,0
2021-02-18,126.41759871915308,46.88950896513584,0,0
2021-02-19,169.64377058420956,45.85739089175467,1,0
2021-02-20,127.97970947078468,48.206316074931955,0,0
2021-02-21,127.35824385552742,46.82072082710456,0,0
2021-02-22,137.32118516808274,47.93481201295013,0,0
2021-02-23,146.63705173214302,46.874079504999756,0,0
2021-02-24,158.92456158276872,48.918923614947495,1,0
2021-02-25,154.83267145930256,48.665690482705855,0,0
2021-02-26,136.2195063895095,46.714109438091334,0,0
2021-02-27,133.45319475174085,47.987909094426314,0,0
2021-02-28,139.9606156902124,47.715509778800225,0,0
2021-03-01,131.76529131394193,48.4930826250324,0,0
2021-03-02,153.4430593294831,46.2143567286042,0,0
2021-03-03,148.55283468118427,47.92066289400211,0,0
2021-03-04,152.05488867535723,48.34885943915945,0,0
2021-03-05,121.80952802343802,45.588001320400636,0,0
2021-03-06,132.46798260011545,46.22026046173865,0,0
2021-03-07,131.20933050160647,45.42152717007325,0,0
2021-03-08,146.3047575536396,47.24904490316907,0,0
2021-03-09,153.9640522858518,48.29412812957982,0,0
2021-03-10,146.14811989305645,49.137508459842294,0,0
2021-03-11,141.91912062969672,47.76823269452871,0,0
2021-03-12,137.1775702556868,49.38215043811293,0,0
2021-03-13,127.79178661488498,46.43323031143013,0,0
2021-03-14,144.05854954800958,46.17013546147764,0,0
2021-03-15,141.2284461046527,47.87853487333001,0,0
2021-03-16,128.6254523007475,48.37908045150263,0,0
2021-03-17,151.28820085479413,48.02360959701993,0,0
2021-03-18,142.16906538103953,46.0504975895752,0,0
2021-03-19,127.53548288510626,48.09079002469742,0,0
2021-03-20,126.29135314201545,46.93773493689872,0,0
2021-03-21,137.77385864406935,48.974484268853644,0,0
2021-03-22,180.71091721009427,48.73431901329382,1,0
2021-03-23,156.46681088756952,47.49104059400513,0,0
2021-03-24,150.88271136500913,47.980532391777906,0,0
2021-03-25,154.4878666317031,47.49893273161721,0,0
2021-03-26,137.92119541146712,48.559470768486705,0,0
2021-03-27,130.03666806273978,49.641541072939624,0,0
2021-03-28,129.76454573804244,47.76515543010692,0,0
2021-03-29,131.87062834592157,49.31963307456476,0,0
2021-03-30,151.4124698030387,48.35024486357154,0,0
2021-03-31,158.00929377291655,48.152744857031315,0,0
2021-04-01,150.1735000384842,48.90389022982635,0,0
2021-04-02,139.67693294806202,48.041157236259565,0,0
2021-04-03,129.7712073987791,48.58839363457142,0,0
2021-04-04,144.65910342974342,48.00996115557446,0,0
2021-04-05,134.9285864447377,51.23850130380559,0,0
2021-04-06,160.90481366598974,49.37510612244178,0,0
2021-04-07,149.1803325703349,48.706300978274186,0,0
2021-04-08,145.1786015887105,49.68629604745514,0,0
2021-04-09,131.05864081928578,49.42637167176113,0,0
2021-04-10,133.4854793383377,49.38419582382471,0,0
2021-04-11,146.677823353679,50.28586811076238,0,0
2021-04-12,150.7446987329193,50.49580354935078,0,0
2021-04-13,163.18748831084264,49.274435706866164,0,0
2021-04-14,161.5146244884264,49.29579435266612,0,0
2021-04-15,142.8960333677089,49.663259489545105,0,0
2021-04-16,141.82332935337777,47.70309959672153,0,0
2021-04-17,157.2642788282609,48.55653838026106,1,0
2021-04-18,149.05567017129465,51.50529962217563,0,0
2021-04-19,136.44642716480817,51.850064339072695,0,0
2021-04-20,162.29482491954093,50.02269534711048,0,0
2021-04-21,163.6167266370184,50.9148747392587,0,0
2021-04-22,165.854588349473,50.71609409551942,0,0
2021-04-23,137.28887386272217,53.55017884695794,0,0
2021-04-24,167.18431524185596,51.65724315056382,1,0
2021-04-25,157.49604992324632,50.476025136655295,0,0
2021-04-26,142.64687811095368,49.71456926724114,0,0
2021-04-27,143.52385082843264,49.129711079444554,0,0
2021-04-28,141.3650702623108,51.0055376822761,0,0
2021-04-29,157.3000163127395,50.11149716869629,0,0
2021-04-30,128.24816205253987,49.51121358425482,0,0
2021-05-01,134.30288031357503,50.35234762071803,0,0
2021-05-02,142.93183080881892,49.98264789220643,0,0
2021-05-03,146.70642463471737,52.816423481676146,0,0
2021-05-04,181.9172859792849,52.07580652815125,1,0
2021-05-05,157.7474189673108,51.250866477976956,0,0
2021-05-06,184.644926036877,52.80323151728832,1,0
2021-05-07,133.9917472316698,51.46486838357356,0,0
2021-05-08,131.32841638086856,50.59018157989114,0,0
2021-05-09,130.70786593078512,53.03829718485888,0,0
2021-05-10,151.91629641875943,52.117520758025286,0,0
2021-05-11,186.27347118547848,50.604521154465814,1,0
2021-05-12,158.88772276897905,51.51429297020288,0,0
2021-05-13,184.68031747223606,50.891574288805856,1,0
2021-05-14,132.32634697972395,50.44663912292474,0,0
2021-05-15,147.91852967761938,52.81753705029749,0,0
2021-05-16,147.86204338991212,53.86236010664702,0,0
2021-05-17,151.5437049583433,50.61561220759324,0,0
2021-05-18,166.20311948862124,52.63802678433877,0,0
2021-05-19,141.3171451853922,51.48492335876455,0,0
2021-05-20,144.6867836164734,51.70856876711955,0,0
2021-05-21,134.22941020500053,51.66303758883297,0,0
2021-05-22,140.49320283658167,51.45077661077747,0,0
2021-05-23,127.4387855901692,52.42221281846455,0,0
2021-05-24,150.15672485178754,51.60124233767863,0,0
2021-05-25,161.9279465087724,52.76071758299596,0,0
2021-05-26,158.49703986807793,52.49764765357127,0,0
2021-05-27,149.74022266064432,52.36610916666991,0,0
2021-05-28,131.16765066145604,51.75420126949447,0,0
2021-05-29,126.46091537755147,52.14122749177372,0,0
2021-05-30,169.03531429323928,53.529140101449514,1,0
2021-05-31,148.07099146804006,53.32992235480417,0,0
2021-06-01,150.17597265380562,51.90620261590587,0,0
2021-06-02,148.1180680652726,53.03732951496791,0,0
2021-06-03,129.18155819192418,53.743100681777065,0,0
2021-06-04,129.62921907564112,51.37549206400605,0,0
2021-06-05,146.3168284284601,53.64089929471094,0,0
2021-06-06,123.34357437053154,52.48700570018405,0,0
2021-06-07,141.84258051360035,53.771757811387225,0,0
2021-06-08,181.92074578368212,52.488859823857766,1,0
2021-06-09,141.26242242055122,51.497617799800445,0,0
2021-06-10,147.02359053639987,51.72475049667589,0,0
2021-06-11,142.9755736080026,53.44957416556586,0,0
2021-06-12,129.7889879926543,53.70980249767353,0,0
2021-06-13,155.15581937040164,52.59373999083595,0,0
2021-06-14,125.37046942253258,54.18400299721298,0,0
2021-06-15,156.3885587652861,51.93061327158291,0,0
2021-06-16,147.12033302597308,53.57213688630435,0,0
2021-06-17,149.83787295819332,52.47263618856409,0,0
2021-06-18,137.89161418561343,53.07659624805523,0,0
2021-06-19,147.36284712261076,53.819947287470626,1,0
2021-06-20,157.39255104064563,52.95557995069118,1,0
2021-06-21,122.94794305593328,53.47420317739455,0,0
2021-06-22,149.24663152564693,54.9071300295434,0,0
2021-06-23,149.609409911517,53.365329452070725,0,0
2021-06-24,145.69809727129922,54.818595770600595,0,0
2021-06-25,141.51552456064945,52.8931701345352,0,0
2021-06-26,129.18293431758045,54.59193837573225,0,0
2021-06-27,128.48286314252894,55.54223691679546,0,0
2021-06-28,130.57066045432146,51.66682792447951,0,0
2021-06-29,138.33108558582603,53.37864459815019,0,0
2021-06-30,179.2558353199251,54.78893611189724,1,0
2021-07-01,151.15257349059786,54.04439296570577,0,0
2021-07-02,128.4421677072834,54.653402495409296,0,0
2021-07-03,150.752577419153,53.7123274107843,1,0
2021-07-04,119.36124734958146,54.43619000322175,0,0
2021-07-05,143.73496091185436,54.22643631578292,0,0
2021-07-06,146.3358790147822,55.58162887766112,0,0
2021-07-07,158.88135465507517,54.69921520461403,0,0
2021-07-08,130.62622925584927,54.81255334013753,0,0
2021-07-09,126.24679870943977,54.09243343192873,0,0
2021-07-10,125.53740939610401,54.045262070812385,0,0
2021-07-11,130.5240292576018,54.12806109708366,0,0
2021-07-12,130.64155287450868,54.98201057046407,0,0
2021-07-13,133.54933616174884,54.19269644811023,0,0
2021-07-14,148.79646880023554,54.92875699420452,0,0
2021-07-15,140.6345059766624,56.73885834793492,0,0
2021-07-16,144.48308915154033,55.558227511379215,1,0
2021-07-17,132.8689748084211,54.38389017196488,0,0
2021-07-18,132.03565805318968,55.93310009938637,0,0
2021-07-19,132.48224599190993,54.34494094282219,0,0
2021-07-20,140.79534516949167,52.735175823391884,0,0
2021-07-21,170.5947514000997,53.78464838367164,1,0
2021-07-22,129.25845571932084,52.940523943322795,0,0
2021-07-23,126.4501490597088,54.477527076128425,0,0
2021-07-24,103.12316687998882,54.864324006025996,0,0
2021-07-25,127.92880579260986,56.538345374432865,0,0
2021-07-26,116.99569940028705,55.20397239126524,0,0
2021-07-27,149.52608467561774,54.672213269492126,0,0
2021-07-28,135.86845006413427,55.73411744572074,0,0
2021-07-29,133.3509084746141,52.7061015221799,0,0
2021-07-30,119.45218464404199,55.164501026761634,0,0
2021-07-31,116.20824545432842,55.71052389704002,0,0
2021-08-01,133.19350262681306,53.47096537131645,0,0
2021-08-02,132.75616168322966,56.10231749262826,1,0
2021-08-03,146.09072792995204,55.30518900340458,0,0
2021-08-04,140.87594897662692,54.558649695573024,0,0
2021-08-05,122.21349145878311,55.61307906651625,0,0
2021-08-06,113.28888406698937,57.256463094436874,0,0
2021-08-07,131.20421705901805,55.172221998931484,0,0
2021-08-08,111.96759211656436,55.24227349215463,0,0
2021-08-09,118.47671077185319,54.537500164895434,0,0
2021-08-10,144.756199379331,54.14893535026527,0,0
2021-08-11,138.98780835901445,55.83014434673723,0,0
2021-08-12,124.41732500983777,54.14386348677454,0,0
2021-08-13,124.20249762938793,55.07076227971574,0,0
2021-08-14,134.11787141381706,54.519897406602084,1,0
2021-08-15,127.2768197811652,55.474003863194405,0,0
2021-08-16,159.7710221534232,55.32526615054237,1,0
2021-08-17,137.75627656432505,56.024835429848395,0,0
2021-08-18,139.30721612646508,54.472082726575564,0,0
2021-08-19,144.82928329151835,54.70614095449811,0,0
2021-08-20,122.46522054328723,53.99028314578315,0,0
2021-08-21,107.14264995369615,54.51690002124964,0,0
2021-08-22,121.46891235361835,55.32975704015196,0,0
2021-08-23,142.0388694257696,55.699826830802024,0,0
2021-08-24,126.156250528335,54.010174670479444,0,0
2021-08-25,131.99479276322876,55.790569677527344,0,0
2021-08-26,132.40823585378354,56.264349386366874,0,0
2021-08-27,120.57358360844745,55.309020389350465,0,0
2021-08-28,106.6633943194132,56.758383782272574,0,0
2021-08-29,127.24041689016943,54.09293227095322,0,0
2021-08-30,144.93677351321247,53.606333930263666,0,0
2021-08-31,136.10630069224615,53.055672012005246,0,0
2021-09-01,126.9176901435046,56.312979617909626,0,0
2021-09-02,116.91741026528409,55.452986534016446,0,0
2021-09-03,123.17813072059921,54.72386756392054,0,0
2021-09-04,124.29180910932253,55.03940141650242,0,0
2021-09-05,122.17461573108078,53.61307706012843,0,0
2021-09-06,123.67613200817117,57.16260788070896,0,0
2021-09-07,128.4307031721136,54.82352721783999,0,0
2021-09-08,126.36806030880243,54.780315320505466,0,0
2021-09-09,160.9631879688742,55.37247015800927,1,0
2021-09-10,128.1168106117775,55.10266860315661,0,0
2021-09-11,128.2442784141596,54.81967652027943,1,0
2021-09-12,131.0099368036285,53.77863305703135,0,0
2021-09-13,129.86503238932252,55.01307752824325,0,0
2021-09-14,143.35264594778224,56.39532686341315,0,0
2021-09-15,123.78419902068535,55.8296121850867,0,0
2021-09-16,118.075762949487,56.047470295709346,0,0
2021-09-17,120.67731352523825,53.91236660500046,0,0
2021-09-18,120.89339147816035,53.40248862098626,0,0
2021-09-19,132.65224335583144,54.23403583381426,0,0
2021-09-20,131.71154245270094,54.38250087631042,0,0
2021-09-21,131.30951135668067,55.38715047277798,0,0
2021-09-22,129.0246718336514,52.56591311490246,0,0
2021-09-23,139.51920816561122,55.752588810297596,0,0
2021-09-24,114.58100642910216,54.028939585212946,0,0
2021-09-25,155.22640624242095,53.72323007818189,1,0
2021-09-26,117.39285426156736,53.10043166591389,0,0
2021-09-27,165.7959016035518,52.41937217989578,1,0
2021-09-28,139.72788499271257,54.85836698300888,0,0
2021-09-29,135.80424840248153,54.068763598479734,0,0
2021-09-30,128.44323294646026,52.6650227248836,0,0
2021-10-01,121.35780552045405,52.618738809722686,0,0
2021-10-02,146.5968254589479,53.536170131552716,1,0
2021-10-03,119.48872233081671,55.49842434917291,0,0
2021-10-04,123.46930059979904,53.52657778433006,0,0
2021-10-05,135.76990814148635,52.239118509288275,0,0
2021-10-06,138.9671035469283,53.45194455604653,0,0
2021-10-07,116.11616569735712,53.3797319738214,0,0
2021-10-08,130.03607655219847,50.90968664164563,0,0
2021-10-09,111.48448942179989,53.505754144280594,0,0
2021-10-10,112.36830599568654,53.281956473892194,0,0
2021-10-11,115.48990977839762,54.16131402401849,0,0
2021-10-12,121.87956392100475,55.26566357708478,0,0
2021-10-13,128.06065265418817,54.494264118283965,0,0
2021-10-14,129.04154641960443,53.049202512542834,0,0
2021-10-15,142.49775038211794,52.16136674730148,0,0
2021-10-16,114.93372630191533,55.79047218678693,0,0
2021-10-17,124.51520024290326,53.22497785911266,0,0
2021-10-18,134.41473068812533,53.12777221410337,0,0
2021-10-19,140.37807202717025,53.037247029485705,0,0
2021-10-20,140.7651561516191,53.20644110953647,0,0
2021-10-21,126.93733839491705,52.8104446442499,0,0
2021-10-22,140.02159818716075,52.327065764725866,0,0
2021-10-23,137.7400958149142,52.29927518025282,0,0
2021-10-24,111.69574384714025,52.75828055396648,0,0
2021-10-25,125.44977581568072,52.192011917076925,0,0
2021-10-26,139.65539598004818,51.96650682788091,0,0
2021-10-27,135.85572131916126,52.72922180257843,0,0
2021-10-28,142.78862387998777,52.31078643234156,0,0
2021-10-29,123.33770618240779,54.01227197544687,0,0
2021-10-30,144.3198547662395,49.79937801078228,0,0
2021-10-31,136.17801205527536,53.48348731108505,0,0
2021-11-01,136.41275095601432,53.579272489438196,0,0
2021-11-02,153.42380200507841,50.20058856601366,0,0
2021-11-03,155.13371304954705,51.87167790937355,0,0
2021-11-04,136.74899841247273,51.78291715794743,0,0
2021-11-05,127.14799258853016,50.68645534724809,0,0
2021-11-06,128.8263535942834,51.255386620275395,0,0
2021-11-07,137.63796346100108,50.86150179287731,0,0
2021-11-08,138.0564446932547,53.66287135794797,0,0
2021-11-09,133.10760908576026,52.784462473177186,0,0
2021-11-10,141.39138092148917,53.058193234017196,0,0
2021-11-11,142.5959973943314,52.44584621829635,0,0
2021-11-12,135.6043237043901,50.532351473867266,0,0
2021-11-13,146.56504240708526,51.073816319238304,0,0
2021-11-14,121.33126717466112,52.02435996342992,0,0
2021-11-15,145.89795883494622,50.24923316354123,0,0
2021-11-16,160.65198485554276,52.12047305232215,0,0
2021-11-17,169.93539823611306,51.10301232575687,0,0
2021-11-18,168.64299441284132,50.90414088734324,1,0
2021-11-19,141.80671297808485,51.925317963018884,0,0
2021-11-20,162.64850347824955,51.59380143542916,1,0
2021-11-21,137.59178404080322,50.72354745519844,0,0
2021-11-22,142.43806184708887,52.17862586457141,0,0
2021-11-23,156.5538157424068,49.87283372644721,0,0
2021-11-24,134.00543310108654,51.50426384831661,0,0
2021-11-25,154.78345943093476,51.41570255321369,0,0
2021-11-26,142.7520093358076,50.447181476564175,0,0
2021-11-27,134.57232638297447,51.016852851792144,0,0
2021-11-28,156.23037688336302,49.37347521013419,0,0
2021-11-29,141.22330669933444,51.4823735781399,0,0
2021-11-30,152.46749085670643,50.307102802286224,0,0
2021-12-01,199.2697947004518,49.90285271502087,1,0
2021-12-02,145.65103349599457,51.408080000424626,0,0
2021-12-03,165.93996581220003,49.58815820403839,1,0
2021-12-04,139.7336008107292,48.81741964924343,0,0
2021-12-05,150.1595219426933,48.60259061349715,0,0
2021-12-06,151.89227831321728,50.69854023668254,0,0
2021-12-07,149.52190654544654,48.745394959617244,0,0
2021-12-08,155.90847998060698,51.713907923826454,0,0
2021-12-09,153.08114965517854,47.810481041948336,0,0
2021-12-10,146.50074152704042,51.52218267838731,0,0
2021-12-11,171.65776857294668,49.970090660444875,1,0
2021-12-12,149.24815525328205,49.59574985247867,0,0
2021-12-13,140.33345404160963,49.0809883940562,0,0
2021-12-14,170.71929249864667,49.95855470484468,0,0
2021-12-15,166.9754143464551,49.45537342665431,0,0
2021-12-16,170.33396629675875,50.52998980052767,0,0
2021-12-17,155.33935928678693,49.47469741327124,0,0
2021-12-18,155.6753830790097,49.44466721648842,0,0
2021-12-19,153.40381362018056,48.86477454493688,0,0
2021-12-20,198.5619724117647,49.10559979228781,0,1
2021-12-21,200.0512412795748,49.40465492106894,0,1
2021-12-22,198.95243842671502,47.32115326703638,0,1
2021-12-23,212.77118294334807,47.61777718187055,0,1
2021-12-24,192.0827720291289,49.64405171377248,0,1
2021-12-25,185.07170249551424,49.006673747097544,0,1
2021-12-26,172.97217093931442,48.58705290240689,0,1
2021-12-27,181.07462509780922,48.724916872417474,0,1
2021-12-28,201.83282487794915,48.98974160739728,0,1
2021-12-29,203.72961419104757,48.03831889679978,0,1
2021-12-30,192.9312710243025,47.735945646441515,0,1
2021-12-31,190.13471738357606,48.64653190355009,0,1
2022-01-01,167.6493730563924,47.409025944451535,0,0
2022-01-02,161.9855918474533,48.732650614437134,0,0
2022-01-03,157.11147945296352,46.55911166911847,0,0
2022-01-04,171.77432694441532,49.22845776513156,0,0
2022-01-05,169.0673412598248,48.609827011238814,0,0
2022-01-06,167.66600842602617,48.331518260422776,0,0
2022-01-07,158.79087289677574,48.99678109426558,0,0
2022-01-08,152.90781166320204,49.61851965560189,0,0
2022-01-09,149.5911303246134,48.90673476033447,0,0
2022-01-10,168.94328416365127,45.99118513340446,0,0
2022-01-11,173.41910444240597,46.49256298776019,0,0
2022-01-12,156.45365350045574,47.08779855329875,0,0
2022-01-13,190.9580842392149,47.67959254024385,0,0
2022-01-14,174.73222881153217,48.11246257539862,0,0
2022-01-15,158.97942774121705,46.81078996149133,0,0
2022-01-16,163.938594238123,47.6654692864001,0,0
2022-01-17,163.39670216390502,46.66593715909161,0,0
2022-01-18,194.55537369150915,46.75287889500338,0,0
2022-01-19,199.15537380863236,45.90128137779651,0,0
2022-01-20,179.97944239240627,46.32873422483468,0,0
2022-01-21,179.03170569624726,45.84479704552693,0,0
2022-01-22,167.0651265236716,46.16562163942501,0,0
2022-01-23,155.96966662874863,48.14065877965617,0,0
2022-01-24,173.07701198685945,46.083658731993296,0,0
2022-01-25,183.22302722626324,49.612008476006636,0,0
2022-01-26,182.44161851630008,47.42005076637971,0,0
2022-01-27,179.6134093516596,47.05922252321645,0,0
2022-01-28,198.16009397377331,45.96423855137693,1,0
2022-01-29,167.2157041398188,47.471681760292384,0,0
2022-01-30,171.57463902057646,46.14508433984754,0,0
2022-01-31,170.46806837069994,46.79266601808713,0,0
2022-02-01,179.7913890874715,49.18126744358429,0,0
2022-02-02,179.50053340232813,46.47625117884292,0,0
2022-02-03,191.7733652095795,47.673322749275414,0,0
2022-02-04,185.17680649025903,45.77323010462979,1,0
2022-02-05,180.8208350663136,46.39440238939473,0,0
2022-02-06,183.7942359843737,48.15381147840249,0,0
2022-02-07,180.2231895828091,45.71030761681601,0,0
2022-02-08,168.3626402280358,48.10463907500461,0,0
2022-02-09,189.43373458338263,46.95551833097377,0,0
2022-02-10,187.71745396466608,45.64154344228632,0,0
2022-02-11,171.0557342892266,46.793337513192725,0,0
2022-02-12,169.78950869281056,47.0910871818686,0,0
2022-02-13,188.74410238662665,46.69863660191145,0,0
2022-02-14,191.58493607766852,44.46559420080599,0,0
2022-02-15,186.50275902608334,45.268379699306514,0,0
2022-02-16,183.1145929436026,45.70840904171188,0,0
2022-02-17,188.14373687117333,45.84262494536098,0,0
2022-02-18,180.27919584437663,46.499587983493306,0,0
2022-02-19,181.24236453131604,46.019208002477775,0,0
2022-02-20,201.3616040651075,44.46949402180234,1,0
2022-02-21,191.72975769281794,46.149114401322,0,0
2022-02-22,211.14707315571212,46.34433365077074,0,0
2022-02-23,204.5221873692529,46.25912915441139,0,0
2022-02-24,192.19886844379184,46.74647580411544,0,0
2022-02-25,182.96868156628096,46.466745165260555,0,0
2022-02-26,176.78214798543885,46.059908433797354,0,0
2022-02-27,191.72646264784072,45.4992511119211,0,0
2022-02-28,186.5334612427917,43.877933057469306,0,0
2022-03-01,198.60182960682448,45.93878350996116,0,0
2022-03-02,201.06346752307573,45.687923702150286,0,0
2022-03-03,191.50626181091266,45.72369015042662,0,0
2022-03-04,177.26302433938247,44.14804761628647,0,0
2022-03-05,185.58936808245397,44.31723897363606,0,0
2022-03-06,183.25894780784915,46.4257668498264,0,0
2022-03-07,196.63059536221388,45.30820105722651,0,0
2022-03-08,220.96597141299563,46.00522728018027,1,0
2022-03-09,237.67606248466583,45.328847765369474,1,0
2022-03-10,190.76433631887198,45.30792489926137,0,0
2022-03-11,227.43560193765413,46.19493248083306,1,0
2022-03-12,170.63404769072912,44.71992823713815,0,0
2022-03-13,214.85785695805652,45.312266088734894,1,0
2022-03-14,198.6482420789654,44.7348939550356,0,0
2022-03-15,196.52888281766928,44.744551911739045,0,0
2022-03-16,208.37513375628936,44.85261310039893,0,0
2022-03-17,209.67088226855793,45.367517342476184,0,0
2022-03-18,173.74390328378905,44.651097478130374,0,0
2022-03-19,189.10023971902547,46.370931702157925,0,0
2022-03-20,168.78637407592166,44.20676731052983,0,0
2022-03-21,188.5417571946588,44.90157402087014,0,0
2022-03-22,217.50093040880319,44.636659976669876,0,0
2022-03-23,200.62237077072473,46.51219075271451,0,0
2022-03-24,191.54273490208334,45.251467931645614,0,0
2022-03-25,190.27370533566452,46.077338268209274,0,0
2022-03-26,204.93151203595278,43.5513958929184,0,0
2022-03-27,174.61174205506723,45.29635255242185,0,0
2022-03-28,188.40350940765546,45.91216394865906,0,0
2022-03-29,242.33664915564933,45.09893405966965,1,0
2022-03-30,221.6147525379554,46.0771344609555,0,0
2022-03-31,201.76984813654346,44.49025763877026,0,0
2022-04-01,182.79867693653057,46.413674250795715,0,0
2022-04-02,203.57829101256374,47.30089494779939,0,0
2022-04-03,203.4882850261197,44.6377179839075,0,0
2022-04-04,204.16097759284546,44.55450370609808,0,0
2022-04-05,198.83321019122403,46.45373044871618,0,0
2022-04-06,206.8902234632263,46.58114786189807,0,0
2022-04-07,202.1617051321098,44.48083521514241,0,0
2022-04-08,197.436196981587,44.58651735558566,0,0
2022-04-09,225.97791289003598,44.7288173628374,1,0
2022-04-10,199.1614107673896,43.670937434453954,0,0
2022-04-11,191.10218382043726,44.102409295605575,0,0
2022-04-12,218.67971963053662,44.023480084833245,0,0
2022-04-13,212.00028295301277,44.26726804117883,0,0
2022-04-14,209.12366105374397,45.00870929353718,0,0
2022-04-15,206.54268460786253,45.286819825455204,0,0
2022-04-16,179.62862385732518,46.613197195424526,0,0
2022-04-17,191.9862219290596,44.075313172828714,0,0
2022-04-18,194.48170589351645,46.06983707137932,0,0
2022-04-19,194.87137986131927,44.88424812739581,0,0
2022-04-20,212.02124932581216,45.062368135343775,0,0
2022-04-21,223.4338699752357,45.80111636513781,0,0
2022-04-22,181.20649339806022,44.01890745902949,0,0
2022-04-23,189.20377225350714,45.54023668464757,0,0
2022-04-24,196.66131170349993,45.34133857145092,0,0
2022-04-25,200.09844683220064,45.68525598213361,0,0
2022-04-26,231.15010995307534,45.5007474573446,1,0
2022-04-27,197.05078289610165,47.686505447060725,0,0
2022-04-28,206.0302533743373,44.61394072125382,0,0
2022-04-29,189.32431117058965,44.74200440862586,0,0
2022-04-30,197.47011453886034,44.672022959750926,1,0
2022-05-01,201.3810306817997,44.76268600885603,0,0
2022-05-02,232.31248662830365,44.70460906762125,1,0
2022-05-03,231.53827968910522,46.555674975435984,1,0
2022-05-04,209.66063137965594,46.81264973402164,0,0
2022-05-05,237.33454723924476,44.84770648927861,1,0
2022-05-06,196.96318276408385,44.61322007918773,0,0
2022-05-07,195.9950702332979,45.94492482200245,0,0
2022-05-08,188.9427261154452,44.950025606189506,0,0
2022-05-09,208.71396265474445,46.16472050864357,0,0
2022-05-10,208.80522683732974,45.76504714922627,0,0
2022-05-11,210.82170607410438,44.077505447849596,0,0
2022-05-12,216.4452623499602,47.17266465492006,1,0
2022-05-13,194.93596689117297,47.45372579334341,0,0
2022-05-14,182.1414082520108,45.078521053347714,0,0
2022-05-15,210.34036219502295,45.33783680782238,1,0
2022-05-16,216.14175374144622,46.04639328963169,1,0
2022-05-17,221.78571542126372,46.13072889869357,1,0
2022-05-18,223.8796990090914,46.49130890691751,0,0
2022-05-19,236.03283825566876,47.88020351816508,1,0
2022-05-20,208.45104993158202,45.73102128849907,0,0
2022-05-21,178.1776366024137,45.14836924044063,0,0
2022-05-22,190.712302186926,44.60676676962333,0,0
2022-05-23,186.99814406032365,45.295289996865016,0,0
2022-05-24,198.94576771605782,46.03393448525543,0,0
2022-05-25,197.64902825148152,47.90316085484263,0,0
2022-05-26,210.94587494125142,45.63322594244913,0,0
2022-05-27,188.48583018660594,46.41754464202878,0,0
2022-05-28,194.77965241014786,46.22093080177124,0,0
2022-05-29,191.96863687627106,47.4700137764873,0,0
2022-05-30,212.2578815623034,48.85348165180844,0,0
2022-05-31,191.76015471287482,45.84126309574017,0,0
2022-06-01,215.3761889984672,45.92892087442187,0,0
2022-06-02,207.79112202658698,47.50938721860516,0,0
2022-06-03,207.2063897601233,47.19461308934073,1,0
2022-06-04,191.61935911250765,48.407544962465686,0,0
2022-06-05,188.85791614329864,47.19349407265599,0,0
2022-06-06,192.61603651835668,46.29960558649507,0,0
2022-06-07,194.78330075695197,47.299479055607414,0,0
2022-06-08,196.97298915924884,47.86804022326671,0,0
2022-06-09,213.69568833128096,47.630908119948316,0,0
2022-06-10,188.62160267551658,47.36935704969506,0,0
2022-06-11,188.8460008972652,47.980973376182035,0,0
2022-06-12,177.89330569801288,48.13635923817502,0,0
2022-06-13,185.42106767857825,48.40252750021673,0,0
2022-06-14,208.41535207673357,47.72291366960515,0,0
2022-06-15,191.23063791441658,46.9614418025747,0,0
2022-06-16,192.8391250513171,47.33014082218006,0,0
2022-06-17,186.77532099486535,48.44530474003745,0,0
2022-06-18,208.16004199664337,46.477720268946655,1,0
2022-06-19,206.69564087287722,47.719671000031106,1,0
2022-06-20,194.40336116533194,47.0144721853437,0,0
2022-06-21,204.05770911943517,47.49383056893357,0,0
2022-06-22,205.20195543554604,48.80126360313254,0,0
2022-06-23,186.5416789138983,47.772077773326934,0,0
2022-06-24,183.3298411671223,47.68601283405863,0,0
2022-06-25,215.48547443650534,46.33873791023504,1,0
2022-06-26,213.2906144688505,48.50427506137698,1,0
2022-06-27,177.78795303946376,48.46333222062533,0,0
2022-06-28,198.08635104747594,50.04131775705652,0,0
2022-06-29,182.85658370410653,47.630877524180846,0,0
2022-06-30,193.02524784791737,48.2187657570394,0,0
2022-07-01,198.87933901410466,48.31031487660878,0,0
2022-07-02,169.51995044079325,49.700045414498085,0,0
2022-07-03,173.27619309479147,48.08929174608534,0,0
2022-07-04,193.36503220443666,48.525927113976365,0,0
2022-07-05,182.24424429278227,48.91743248021977,0,0
2022-07-06,216.49638797316405,48.55907639953491,1,0
2022-07-07,196.10880764966694,47.98925468872794,0,0
2022-07-08,176.88347794970548,48.69327778997385,0,0
2022-07-09,173.79088608802323,49.636586203931536,0,0
2022-07-10,184.7807850637766,47.6004616235997,0,0
2022-07-11,188.95462253502538,48.82421348124534,0,0
2022-07-12,195.86736012866334,48.055622851092686,0,0
2022-07-13,191.37417306433107,50.01551164696039,0,0
2022-07-14,193.29097180548402,47.362209437121805,0,0
2022-07-15,204.7400974896209,48.39160423178884,1,0
2022-07-16,178.08003896048518,49.39305451066306,0,0
2022-07-17,171.29599548179914,50.64685841359654,0,0
2022-07-18,182.52726664984738,49.08123940593428,0,0
2022-07-19,183.98679982476764,48.65759726938537,0,0
2022-07-20,191.61129073054417,51.159901126530976,0,0
2022-07-21,182.08446314810243,47.896805810195524,0,0
2022-07-22,171.2709891868045,47.21220603773621,0,0
2022-07-23,174.76001988432614,49.91732357532926,0,0
2022-07-24,201.75012574613564,49.04164507730593,1,0
2022-07-25,189.26218332845977,48.58893788809802,0,0
2022-07-26,185.9293213115715,50.38506795055105,0,0
2022-07-27,194.67281776874486,49.987110564410706,0,0
2022-07-28,190.74625194766105,49.24587526132302,0,0
2022-07-29,181.50073467529865,48.596327365375046,0,0
2022-07-30,164.20161592578896,50.81578892538943,0,0
2022-07-31,173.87275819704334,50.66024269581033,0,0
2022-08-01,183.72119592272804,49.977573787299875,0,0
2022-08-02,187.1120717128892,51.990081117964046,0,0
2022-08-03,174.12889312485382,49.140028291593325,0,0
2022-08-04,186.80957033684365,48.75121942026575,0,0
2022-08-05,193.76453312277332,49.65141879060827,0,0
2022-08-06,167.1243008540672,50.36426199699073,0,0
2022-08-07,190.71536354982518,50.71963565749252,1,0
2022-08-08,182.49447816720564,50.301423558500595,0,0
2022-08-09,189.2235509609926,50.960981820911485,0,0
2022-08-10,199.13743437298808,49.4235454117859,0,0
2022-08-11,172.05681079399506,52.18488767814928,0,0
2022-08-12,180.18651931301568,50.724878204677644,0,0
2022-08-13,172.63803743280695,51.990087862406064,0,0
2022-08-14,169.08395856435385,51.28112465712939,0,0
2022-08-15,180.50658248706378,51.46059276311515,0,0
2022-08-16,193.61364031940118,51.63886836150549,0,0
2022-08-17,194.21891526144023,51.581880865341105,0,0
2022-08-18,172.399686998283,51.841764392494945,0,0
2022-08-19,178.801805395551,52.59285004577117,0,0
2022-08-20,166.96485558034018,51.524649614509634,0,0
2022-08-21,169.50163411261607,52.10132670821913,0,0
2022-08-22,177.7504007489502,51.3665339114001,0,0
2022-08-23,182.58382351100778,52.960074242129494,0,0
2022-08-24,196.61031867024332,50.90698157439806,0,0
2022-08-25,179.14562650752293,53.44744929894371,0,0
2022-08-26,163.35836610101683,51.66919280595066,0,0
2022-08-27,164.62280956823594,50.341113259389125,0,0
2022-08-28,194.93879592256712,51.96221496321034,1,0
2022-08-29,186.63130427599668,51.21495458317577,0,0
2022-08-30,188.28434096915663,52.79820796934773,0,0
2022-08-31,179.5457291457887,51.366150150002234,0,0
2022-09-01,200.59612382515854,51.63344103818484,0,0
2022-09-02,175.0904507816586,50.25056388358233,0,0
2022-09-03,176.68931886283679,51.74789747322417,0,0
2022-09-04,193.51953055188932,49.836031980207224,1,0
2022-09-05,181.17202964488496,50.73531370545235,0,0
2022-09-06,189.7454173775156,53.13852355785761,0,0
2022-09-07,194.64133551509053,53.22237810023946,0,0
2022-09-08,188.15517800096032,52.92007080213422,0,0
2022-09-09,178.93528061558064,51.58522832386249,0,0
2022-09-10,163.35336182848243,52.561630013420874,0,0
2022-09-11,163.17633112201455,52.662411237894354,0,0
2022-09-12,179.01988294237756,51.56384691167343,0,0
2022-09-13,189.76716285317562,54.28132313906305,0,0
2022-09-14,182.88359493565832,53.710505859202804,0,0
2022-09-15,188.5451906343822,52.6668937914105,0,0
2022-09-16,207.79971644811394,52.96894412628784,1,0
2022-09-17,158.32296591273416,53.204117694404104,0,0
2022-09-18,187.48258918218366,51.00714333920476,1,0
2022-09-19,174.6416179790098,52.854301408119454,0,0
2022-09-20,186.37893056420657,52.47154302393514,0,0
2022-09-21,181.91315178085713,52.20339437633714,0,0
2022-09-22,191.05569565816063,52.97483067530608,0,0
2022-09-23,173.5472404794177,55.10395448087886,0,0
2022-09-24,165.92537348412844,53.996859244402756,0,0
2022-09-25,156.96394783340605,52.833988409890644,0,0
2022-09-26,165.01074814813424,54.0262950355076,0,0
2022-09-27,185.0996287115425,54.90099774156914,0,0
2022-09-28,168.1351157113577,54.47358270293741,0,0
2022-09-29,213.57945909502746,53.65525434801367,1,0
2022-09-30,171.12384158139452,52.99472209276232,0,0
2022-10-01,192.08193231612842,54.38526881597923,0,0
2022-10-02,186.85135524339256,54.12526117982468,0,0
2022-10-03,174.516497928524,54.671035004060386,0,0
2022-10-04,183.23706267292906,54.45440742864367,0,0
2022-10-05,193.8190399251467,54.91150231386682,0,0
2022-10-06,195.3108017837508,53.36874088361235,0,0
2022-10-07,158.74518515681734,55.26270170123431,0,0
2022-10-08,153.07672405783507,54.183536466993935,0,0
2022-10-09,163.15932353762642,56.10111741539621,0,0
2022-10-10,207.70857277139433,53.375871752720066,1,0
2022-10-11,188.3063687363373,55.839502770957296,0,0
2022-10-12,196.06749803292666,54.339198667370596,0,0
2022-10-13,173.2725112424531,53.52688159576731,0,0
2022-10-14,155.72898572436614,53.73068169161442,0,0
2022-10-15,200.78662206305756,53.92973789843359,1,0
2022-10-16,163.9023125221628,54.70901226607314,0,0
2022-10-17,162.33105244343193,54.841680164924625,0,0
2022-10-18,188.43341573792307,53.77837422221349,0,0
2022-10-19,195.37900389419207,54.36017445992689,0,0
2022-10-20,181.35051496628728,56.55847373624654,0,0
2022-10-21,170.50342632412583,56.17463473417016,0,0
2022-10-22,168.6174587557154,54.913511782685674,0,0
2022-10-23,169.37630644354076,54.5444911450702,0,0
2022-10-24,194.5623690364852,54.65501633677454,1,0
2022-10-25,182.35307991902567,55.17619304232413,0,0
2022-10-26,195.5740375452003,53.56676035114163,0,0
2022-10-27,188.29383223599004,54.3582372282816,0,0
2022-10-28,179.64379814227408,52.97226890465622,0,0
2022-10-29,188.7548349249968,55.06448918453874,1,0
2022-10-30,172.30181135971458,55.33604460977484,0,0
2022-10-31,165.23310452673635,54.22841014265338,0,0
2022-11-01,190.74766553818137,56.30749258045073,0,0
2022-11-02,204.9391178890394,53.52880674358189,0,0
2022-11-03,176.7750257394113,53.310417742899155,0,0
2022-11-04,174.32962663368698,55.0186146858454,0,0
2022-11-05,175.97794994664076,55.85977799358187,0,0
2022-11-06,185.1728306098702,56.51426748939528,0,0
2022-11-07,181.2077973223599,54.388255781601345,0,0
2022-11-08,186.32818560897113,55.94175827334723,0,0
2022-11-09,204.16366811308805,54.83964067771948,1,0
2022-11-10,190.76710016745642,54.71972518349124,0,0
2022-11-11,197.20539754949507,55.789344857668105,0,0
2022-11-12,178.190526417169,55.57046696254252,0,0
2022-11-13,179.64090671478846,53.35333560040498,0,0
2022-11-14,188.43844679488524,56.41697422765012,0,0
2022-11-15,219.02517333715824,56.330351894059206,1,0
2022-11-16,191.31584289496683,54.333643292574486,0,0
2022-11-17,198.656688723676,55.363072181476554,0,0
2022-11-18,185.5106885002011,55.4684772528074,0,0
2022-11-19,178.98360735417137,55.241413737516915,0,0
2022-11-20,173.92816169690443,54.4358410894835,0,0
2022-11-21,200.45659535656668,54.31904155111093,0,0
2022-11-22,203.11081231828163,54.96874112348138,0,0
2022-11-23,194.8648907784511,56.16976544262572,0,0
2022-11-24,202.73993454000276,55.54248827235125,0,0
2022-11-25,183.1183216322671,54.629235615933524,0,0
2022-11-26,175.04814190703615,55.771620453585406,0,0
2022-11-27,180.1110020575518,52.15056086909865,0,0
2022-11-28,177.463498395748,56.146161034425965,0,0
2022-11-29,205.67166831670778,53.25508380120727,0,0
2022-11-30,188.64779993244144,54.62886974855258,0,0
2022-12-01,189.02341978469593,53.867265390048445,0,0
2022-12-02,174.12904036817307,53.68699066729755,0,0
2022-12-03,183.35728800823028,56.13634898927037,0,0
2022-12-04,186.35898157445536,54.50078535474873,0,0
2022-12-05,192.64438815168302,55.30707033968775,0,0
2022-12-06,220.46227252554996,54.90484273857768,1,0
2022-12-07,196.4435291490156,55.41911952885149,0,0
2022-12-08,204.86337860734352,55.00833622551363,0,0
2022-12-09,189.47840845875885,53.63707987233178,0,0
2022-12-10,189.8707807696168,55.9040208441368,0,0
2022-12-11,183.69762631953498,54.40080572856966,0,0
2022-12-12,201.25874143984123,53.32391740727318,0,0
2022-12-13,217.73569518341168,54.43745234971919,0,0
2022-12-14,213.05280578473474,56.35052937466666,0,0
2022-12-15,200.5846743997151,55.683330080315194,0,0
2022-12-16,198.58089828875748,54.46693460469385,0,0
2022-12-17,189.66786534500395,54.44795020147604,0,0
2022-12-18,194.04976695742525,54.456340058723036,0,0
2022-12-19,198.00510464155403,56.83463975877677,0,0
2022-12-20,238.78562429925674,55.11889692893538,0,1
2022-12-21,244.1816778018686,55.1452295874481,0,1
2022-12-22,229.19638816594863,55.722858495867115,0,1
2022-12-23,221.38303538789236,54.907915965841624,0,1
2022-12-24,213.8315981599914,54.38580526345271,0,1
2022-12-25,214.51797304121408,54.42339132215929,0,1
2022-12-26,250.8071814336176,54.522211302535595,1,1
2022-12-27,245.11078471014739,54.52984396049401,0,1
2022-12-28,238.5847216075053,55.267136381228724,0,1
2022-12-29,245.39571488223768,54.56308527542868,0,1
2022-12-30,232.90835517367125,55.214608980066146,0,1
2022-12-31,212.54018664327214,54.3712839898794,0,1
2023-01-01,205.84666507798178,54.499874916084934,0,0
2023-01-02,216.8650204127098,52.39149116147308,0,0
2023-01-03,208.70588872562038,55.27369022131364,0,0
2023-01-04,222.848425151668,54.67074605850131,0,0
2023-01-05,207.2687820699113,55.288392956935766,0,0
2023-01-06,234.45084923202478,51.359488991959225,1,0
2023-01-07,190.15414264080127,56.308723022693236,0,0
2023-01-08,189.9159575607914,54.04461136313634,0,0
2023-01-09,208.64299354639118,55.25549164170022,0,0
2023-01-10,245.53712649748684,53.069772459064026,1,0
2023-01-11,219.61855593690396,54.68409027871979,0,0
2023-01-12,209.5819787293555,52.978814053106404,0,0
2023-01-13,207.37422901923904,53.368656111290186,0,0
2023-01-14,206.03768559950987,55.86594118034472,0,0
2023-01-15,207.42433324114234,53.72000869120909,0,0
2023-01-16,217.27097980995552,54.08620907909552,0,0
2023-01-17,218.30525067776952,54.69624036036673,0,0
2023-01-18,235.72544738092407,54.278569835196905,0,0
2023-01-19,212.26472140875794,53.889348768909045,0,0
2023-01-20,217.23645982853455,54.05926720685214,0,0
2023-01-21,216.44192989431815,56.052440497889116,0,0
2023-01-22,214.97429655758594,53.545475252158596,0,0
2023-01-23,217.6288504629551,53.75762083698864,0,0
2023-01-24,247.72925168187047,54.559970822343075,1,0
2023-01-25,237.61789908053703,54.56701229347617,0,0
2023-01-26,212.9568781362382,54.60007041272757,0,0
2023-01-27,208.762653668531,54.00271651234605,0,0
2023-01-28,234.65455620980632,52.17132872942494,1,0
2023-01-29,223.1959706937111,54.89752253377159,0,0
2023-01-30,226.56687345932758,52.06692191905701,0,0
2023-01-31,223.0557016657819,53.464507086457566,0,0
2023-02-01,231.4530948406675,52.35563722795049,0,0
2023-02-02,223.58940541537348,52.99326258500224,0,0
2023-02-03,214.332137913385,53.33310694021196,0,0
2023-02-04,222.89257321806372,53.272110533057855,0,0
2023-02-05,231.40135569837437,53.31855758882876,1,0
2023-02-06,237.6798020785468,54.45571598333043,0,0
2023-02-07,240.51285402342228,53.24040098335196,0,0
2023-02-08,245.47702155821625,52.487075917255524,0,0
2023-02-09,227.23081726035284,53.63919939825024,0,0
2023-02-10,221.33634954957648,53.807986193123675,0,0
2023-02-11,207.7856411517193,51.33384523500467,0,0
2023-02-12,216.13688051950797,53.10133449550026,0,0
2023-02-13,232.4552728096079,53.14714281206519,0,0
2023-02-14,272.8143820356927,52.09000679746812,1,0
2023-02-15,229.76686361886408,53.70445232806715,0,0
2023-02-16,231.77230074097753,52.11945059604604,0,0
2023-02-17,250.02596957153943,52.33543930460505,1,0
2023-02-18,210.27521105629015,51.9767543118898,0,0
2023-02-19,228.37361757937654,52.104985773060925,0,0
2023-02-20,226.84567030552748,50.932340287560656,0,0
2023-02-21,239.52727752579617,50.52741202212357,0,0
2023-02-22,237.6710507820105,53.500465265389025,0,0
2023-02-23,231.65554276985245,50.99715686672049,0,0
2023-02-24,229.71781873252436,50.7905556025271,0,0
2023-02-25,223.8281720898422,49.56607036647254,0,0
2023-02-26,223.82030933399326,51.017705175173404,0,0
2023-02-27,229.63122366749806,50.270488664968404,0,0
2023-02-28,244.11961186264773,53.1722214772813,0,0
2023-03-01,282.5227663833655,52.4763788695403,1,0
2023-03-02,241.54306570446101,50.71450583187386,0,0
2023-03-03,238.00386646848244,53.59093668904151,0,0
2023-03-04,214.73418671186036,52.25587280756458,0,0
2023-03-05,230.30056900479943,50.88465556702376,0,0
2023-03-06,254.9318455123018,48.64524556192971,1,0
2023-03-07,231.68707241690336,53.370554413531046,0,0
2023-03-08,242.41619332546625,49.62480775400665,0,0
2023-03-09,252.95107273279416,49.30356928137424,0,0
2023-03-10,240.78148846235555,51.90595733981467,0,0
2023-03-11,229.0282805452075,53.257400939784645,0,0
2023-03-12,242.79235591033407,52.136037426009196,1,0
2023-03-13,237.17072588774104,51.249655978173834,0,0
2023-03-14,249.24021707307116,51.214361378957804,0,0
2023-03-15,250.26417185409977,51.4067724775011,0,0
2023-03-16,229.0429979604865,51.245936885536416,0,0
2023-03-17,228.59967515661117,50.701764403226846,0,0
2023-03-18,230.18950641499572,50.458263899506996,0,0
2023-03-19,237.30093025958817,50.224896456381266,0,0
2023-03-20,223.9988723417861,49.46690060742565,0,0
2023-03-21,248.00716472318146,49.87352641469094,0,0
2023-03-22,253.61156121861032,48.39455352284837,0,0
2023-03-23,252.97502271295224,49.92246397780894,0,0
2023-03-24,243.89826937302647,48.965502061712876,0,0
2023-03-25,237.9119444187607,48.78380158789384,0,0
2023-03-26,228.104389467552,50.00060283832542,0,0
2023-03-27,226.4238348321142,51.14606067165779,0,0
2023-03-28,246.90149105910908,50.60576847011663,0,0
2023-03-29,261.93432092223986,48.05040037673958,0,0
2023-03-30,259.44810254598525,48.56478944437146,0,0
2023-03-31,244.14617978710916,50.42878468870992,0,0
2023-04-01,238.01663892240188,48.43921316691457,0,0
2023-04-02,239.19778351068052,49.130857414664725,0,0
2023-04-03,239.16003290762384,49.83944739857386,0,0
2023-04-04,251.61596206321704,48.25508207602944,0,0
2023-04-05,267.34861350007446,49.26297150809859,0,0
2023-04-06,242.20696571592902,47.757889936460955,0,0
2023-04-07,278.62333852254113,48.4250288671782,1,0
2023-04-08,232.21583149519446,49.280832838526905,0,0
2023-04-09,248.8015999070812,47.30289650994138,0,0
2023-04-10,233.46867754024467,49.27140086576223,0,0
2023-04-11,282.6749875064028,48.74653232286291,1,0
2023-04-12,248.7422334594323,49.25412370722625,0,0
2023-04-13,238.24599710062688,48.86124264319969,0,0
2023-04-14,241.94677711694425,49.93740626787268,0,0
2023-04-15,243.8313197927582,48.63468164569904,0,0
2023-04-16,231.40951366424642,48.01650824220628,0,0
2023-04-17,233.69740447457932,48.50494457327902,0,0
2023-04-18,252.56084131296114,48.862966295093266,0,0
2023-04-19,254.949749319043,48.305848652096465,0,0
2023-04-20,279.7018276382291,48.23521086635401,1,0
2023-04-21,249.81900793925004,47.43057946091668,0,0
2023-04-22,236.36815190859338,47.407954630258544,0,0
2023-04-23,254.18949173109226,46.60687808675153,0,0
2023-04-24,246.79860118464725,49.69804224914697,0,0
2023-04-25,252.18877120663413,46.64394961657969,0,0
2023-04-26,243.64897407582856,47.13463099571336,0,0
2023-04-27,249.07801518210962,47.04923899499901,0,0
2023-04-28,238.705925681353,48.60307809124361,0,0
2023-04-29,244.52107184075913,47.35411946682175,0,0
2023-04-30,241.40316869492662,48.83814514347239,0,0
2023-05-01,237.439595013399,46.8586753103993,0,0
2023-05-02,255.40675550197793,47.753362265804135,0,0
2023-05-03,262.1091398140851,46.581672813081674,0,0
2023-05-04,261.4561341958771,49.50528055939785,0,0
2023-05-05,274.9736072370736,46.116114507247346,1,0
2023-05-06,242.482867251706,47.557595103719834,0,0
2023-05-07,238.55689030946826,47.82610267195749,0,0
2023-05-08,249.12572200920079,47.55117608686557,0,0
2023-05-09,264.2185288097582,46.8976501113498,0,0
2023-05-10,245.41291391958524,46.89919712458893,0,0
2023-05-11,247.70311399007574,47.01943822209734,0,0
2023-05-12,235.7244838656872,46.7757720502605,0,0
2023-05-13,238.69580030803007,47.83434825486578,0,0
2023-05-14,246.50341576199884,49.02924432117908,0,0
2023-05-15,266.57772944257846,46.21004802318566,1,0
2023-05-16,235.5492551961349,45.347130735253344,0,0
2023-05-17,252.33439519788908,46.57862999966598,0,0
2023-05-18,255.5838897655488,49.197193049879765,0,0
2023-05-19,246.1852773620539,45.76498293834457,0,0
2023-05-20,238.1023145742104,48.159558927398514,0,0
2023-05-21,234.24942299516752,48.15054695615916,0,0
2023-05-22,235.54160775810092,45.87228979766627,0,0
2023-05-23,256.82873973486437,46.94852925391956,0,0
2023-05-24,247.1173446520874,47.96225541893828,0,0
2023-05-25,267.15093420260155,45.90969629453363,0,0
2023-05-26,245.32936800372985,46.04086955051231,0,0
2023-05-27,230.85810908053537,45.61906340628676,0,0
2023-05-28,232.7262135553551,45.14295831382796,0,0
2023-05-29,244.31230879134068,45.46609219815007,0,0
2023-05-30,251.23279792412373,44.849775687548075,0,0
2023-05-31,263.0025687288904,46.06684456095423,0,0
2023-06-01,250.57681062229832,45.22253921778512,0,0
2023-06-02,233.71383600844163,46.1867630993055,0,0
2023-06-03,250.39107944246166,44.35826670027154,0,0
2023-06-04,236.12726905169416,46.20695506746293,0,0
2023-06-05,249.20179200070436,46.672250395493286,0,0
2023-06-06,247.83134482439652,43.80837314918043,0,0
2023-06-07,255.72123206857506,46.140299996203346,0,0
2023-06-08,249.13990338054745,46.95880071464946,0,0
2023-06-09,249.40209364741838,44.48713891084102,1,0
2023-06-10,273.0505453816409,47.33576655030707,1,0
2023-06-11,244.8963153996036,46.04939941203686,0,0
2023-06-12,239.83050442591397,44.893332632634824,0,0
2023-06-13,241.3830240226681,45.511323045769274,0,0
2023-06-14,279.3096340856723,46.094955783602614,1,0
2023-06-15,246.9744536065506,45.5829655456044,0,0
2023-06-16,239.94695025878553,46.016847246606474,0,0
2023-06-17,234.06557761654398,44.52935371692837,0,0
2023-06-18,237.56899643789015,45.592134141501326,0,0
2023-06-19,253.84021628618942,43.9826196311766,0,0
2023-06-20,253.52756479627638,45.259488387011885,0,0
2023-06-21,242.8839896939538,44.44201119745844,0,0
2023-06-22,256.4644382005171,44.586421771105975,0,0
2023-06-23,248.44050094526102,46.53491051433429,0,0
2023-06-24,255.03095486721253,46.36782995400767,0,0
2023-06-25,222.9016919643527,45.86420128670429,0,0
2023-06-26,242.64743632246717,44.14213839115556,0,0
2023-06-27,231.1270238439848,44.89827902300527,0,0
2023-06-28,252.87251324373852,46.408873334573,0,0
2023-06-29,239.203483460041,45.31943592169117,0,0
2023-06-30,248.57603374963017,47.47985034735775,0,0
2023-07-01,222.72994320472273,45.537501933455715,0,0
2023-07-02,217.28522409274933,45.3207608927349,0,0
2023-07-03,234.99712623442198,44.80499014398874,0,0
2023-07-04,230.27074987554175,45.233912094583914,0,0
2023-07-05,254.01322514814052,44.93503812977045,0,0
2023-07-06,225.26926881377676,45.78362790374138,0,0
2023-07-07,232.96409885699453,46.02110942344596,0,0
2023-07-08,211.72152676410641,44.26818412253413,0,0
2023-07-09,227.89245967742505,43.71358752436136,0,0
2023-07-10,251.5719944858592,43.20014408314805,0,0
2023-07-11,247.28610666791266,45.536753352898224,0,0
2023-07-12,240.35081211453007,43.91869293160504,0,0
2023-07-13,242.1327257501152,42.863352591804635,0,0
2023-07-14,231.86969761370815,45.3998926068343,0,0
2023-07-15,228.42362501423167,47.500272385306005,0,0
2023-07-16,217.18932767209526,44.998049589298944,0,0
2023-07-17,239.89399457712102,45.840348236812304,0,0
2023-07-18,221.66938109638124,45.08231351383519,0,0
2023-07-19,240.1270230675251,44.90111117089429,0,0
2023-07-20,234.94214385763422,45.919484037780805,0,0
2023-07-21,235.89030589408586,44.711429730818665,0,0
2023-07-22,225.01174471288073,45.27128306796789,0,0
2023-07-23,215.28838473976703,45.32866440843468,0,0
2023-07-24,226.97487309350558,44.342840818853134,0,0
2023-07-25,267.91285914085836,46.00782640844454,1,0
2023-07-26,243.2528367123039,44.846564340922534,0,0
2023-07-27,234.06438689144528,44.272405207335005,0,0
2023-07-28,225.08625163773598,45.57217153054998,0,0
2023-07-29,229.91609625278852,44.14558873917386,0,0
2023-07-30,221.30939351312014,45.08151513173271,0,0
2023-07-31,232.4146768942133,45.05437279906518,0,0
2023-08-01,257.3570187300645,46.160423942615594,0,0
2023-08-02,230.79553872736378,45.56113998581904,0,0
2023-08-03,222.1407413765775,45.07420284470063,0,0
2023-08-04,233.7902226446988,45.93065655107265,0,0
2023-08-05,216.117484744341,46.51762821550681,0,0
2023-08-06,221.35335509544527,45.7006287670549,0,0
2023-08-07,225.6933183883635,45.16943351335788,0,0
2023-08-08,238.45267444781393,43.86436883765885,0,0
2023-08-09,254.92526250582017,44.129074278795244,0,0
2023-08-10,242.46229240888016,44.90780160357027,0,0
2023-08-11,234.33218025510067,44.62320461254973,0,0
2023-08-12,210.25536735601844,45.066284654082786,0,0
2023-08-13,213.9966866037904,45.331290003677466,0,0
2023-08-14,207.84414573454168,45.82655812756305,0,0
2023-08-15,232.18729951492307,45.24942910590876,0,0
2023-08-16,247.7276832584269,45.83032514947801,0,0
2023-08-17,238.96885629792007,45.433022399351074,0,0
2023-08-18,225.68938719170913,43.41863035301731,0,0
2023-08-19,221.02903243052262,44.481130368296256,0,0
2023-08-20,216.95613827831323,45.30356226306952,0,0
2023-08-21,232.55892400808867,44.265949507459,0,0
2023-08-22,243.49281141231472,46.10437280328186,0,0
2023-08-23,225.61546564855294,47.06479499336553,0,0
2023-08-24,235.64917755547557,46.783201096022985,0,0
2023-08-25,232.94199490693813,45.38218104156487,0,0
2023-08-26,215.4682356792828,47.11831875112204,0,0
2023-08-27,227.17922466561575,45.80900711603313,0,0
2023-08-28,252.16773052598998,45.35677324567346,0,0
2023-08-29,236.75043958539794,45.11474265771524,0,0
2023-08-30,242.37237699279066,45.460722182384806,0,0
2023-08-31,227.90297977433684,45.410815802380114,0,0
2023-09-01,226.12531029333314,46.00595742679865,0,0
2023-09-02,222.8951234706995,46.03340509432681,0,0
2023-09-03,222.75882575387212,45.9139017295695,0,0
2023-09-04,220.50777095321592,46.38654639373689,0,0
2023-09-05,237.5624074081613,47.179728033358096,0,0
2023-09-06,249.66912399864245,46.978823421821964,0,0
2023-09-07,237.81953365230575,44.58526568508857,0,0
2023-09-08,233.96715109301533,43.5578364454384,0,0
2023-09-09,216.49810520447377,47.08836357379034,0,0
2023-09-10,227.91540068311227,44.83013567430774,0,0
2023-09-11,231.15444994802078,46.01589665964421,0,0
2023-09-12,229.7834712871361,45.11486593310258,0,0
2023-09-13,242.30774584514796,44.52797673906047,0,0
2023-09-14,249.77589635547062,46.91705143549639,1,0
2023-09-15,218.82234192448772,47.18102058843911,0,0
2023-09-16,220.93577276506008,45.89226870061769,0,0
2023-09-17,225.15677153226537,43.92527908355444,0,0
2023-09-18,219.6737754713469,46.018239339833926,0,0
2023-09-19,244.8084199459688,47.005061770400935,0,0
2023-09-20,269.22565047545777,45.18372305528794,1,0
2023-09-21,227.4757516473159,46.895965495362866,0,0
2023-09-22,212.31773898870478,46.747851874940736,0,0
2023-09-23,217.6814182170194,47.393585569631306,0,0
2023-09-24,217.58024419501464,46.98557387955515,0,0
2023-09-25,230.6959598151567,45.945181903422316,0,0
2023-09-26,233.25085570690482,48.167628268729466,0,0
2023-09-27,248.04658468033313,46.86587230628769,1,0
2023-09-28,230.57362362895515,47.05097214545093,0,0
2023-09-29,223.27396040157456,46.19940363454632,0,0
2023-09-30,225.1223507542355,46.74429467113027,0,0
2023-10-01,216.80065025772817,46.35818018321079,0,0
2023-10-02,243.2343995143271,47.12593359549264,0,0
2023-10-03,221.115262151305,49.06696572668252,0,0
2023-10-04,251.0971377837217,46.040204491767746,0,0
2023-10-05,233.68748137873163,45.855853302297426,0,0
2023-10-06,231.6428352763887,48.998344568734076,0,0
2023-10-07,221.2971764949852,47.37605029883093,0,0
2023-10-08,232.1602930842538,46.97493080546614,0,0
2023-10-09,226.7048659988739,48.74295719627549,0,0
2023-10-10,230.12844013799514,47.15689481905744,0,0
2023-10-11,250.65929994619552,49.648376223182424,0,0
2023-10-12,233.93523599336243,48.560536177604476,0,0
2023-10-13,228.91411061674938,47.45531961639426,0,0
2023-10-14,229.9232518885936,50.16152608648504,0,0
2023-10-15,215.8258885940773,47.45984507288458,0,0
2023-10-16,235.89702676167371,48.86934184489526,0,0
2023-10-17,234.72442976957245,48.4885589036616,0,0
2023-10-18,239.8031650756868,49.55334979609108,0,0
2023-10-19,236.0396020724239,49.875773122241924,0,0
2023-10-20,216.0511330168814,48.409219575703084,0,0
2023-10-21,217.165524456223,47.687039933208304,0,0
2023-10-22,235.49573009348146,48.96394994127768,0,0
2023-10-23,240.6060553191019,47.89004873389001,0,0
2023-10-24,239.16995350041475,50.64519261223776,0,0
2023-10-25,245.08610732624493,48.83262551248904,0,0
2023-10-26,235.9585816390805,48.395285558920285,0,0
2023-10-27,240.33827754364984,49.010024972240245,0,0
2023-10-28,223.78556280462118,47.54316503621696,0,0
2023-10-29,229.15732395642084,47.983821488524285,0,0
2023-10-30,243.01993090943353,50.22117958170821,0,0
2023-10-31,237.00742459905027,48.4293758573849,0,0
2023-11-01,283.16198917163075,48.10502627152316,1,0
2023-11-02,227.1953350304258,49.7544080902755,0,0
2023-11-03,243.6153784598499,50.469416825212875,0,0
2023-11-04,222.7892390777966,50.0687508220513,0,0
2023-11-05,225.84701533467396,50.41204578214124,0,0
2023-11-06,221.99958770080232,48.72550755230223,0,0
2023-11-07,242.05564106805596,48.126888675221345,0,0
2023-11-08,237.55550681604433,51.11651003212852,0,0
2023-11-09,237.17899253031513,49.359042082921235,0,0
2023-11-10,232.5181292349006,49.497491104346835,0,0
2023-11-11,235.07213888483986,51.14316526311957,0,0
2023-11-12,231.85539271074074,50.43788106857666,0,0
2023-11-13,240.86236638988055,50.404239836743436,0,0
2023-11-14,236.58091751087477,52.18006460902224,0,0
2023-11-15,242.5224439437235,49.438251551930385,0,0
2023-11-16,257.77858733840645,51.07630287254502,0,0
2023-11-17,254.77394993768885,50.27214240330299,1,0
2023-11-18,243.68564257638732,50.550349795529705,0,0
2023-11-19,229.88353559872186,51.87680402500457,0,0
2023-11-20,240.72604854664408,50.9226874287474,0,0
2023-11-21,257.4185168649174,51.01958997662661,0,0
2023-11-22,260.9424351212679,51.62015778371873,0,0
2023-11-23,245.8350140855372,50.24895677712148,0,0
2023-11-24,235.63199631459136,49.84084961606919,0,0
2023-11-25,233.38978554185528,49.70127880713813,0,0
2023-11-26,239.48612232117227,48.84562731661,0,0
2023-11-27,249.28813700229352,52.933942397540136,0,0
2023-11-28,252.59756058535018,49.84012201572046,0,0
2023-11-29,284.2078226076725,50.78750394718285,1,0
2023-11-30,262.37470234364304,50.7971918888386,0,0
2023-12-01,243.61746325602377,51.446468318242125,0,0
2023-12-02,237.6827950321748,52.01965249757215,0,0
2023-12-03,225.32978060634358,52.12902812612954,0,0
2023-12-04,225.6587779767449,50.74989073346787,0,0
2023-12-05,257.7363446132999,51.230022707638916,0,0
2023-12-06,255.8872308634017,51.743651912254755,0,0
2023-12-07,247.89197867102757,51.27604828698105,0,0
2023-12-08,244.38711795050992,53.19548101804319,0,0
2023-12-09,237.73468441372077,52.142223714700535,0,0
2023-12-10,249.41080569643853,52.44894592737723,0,0
2023-12-11,249.35888978044977,52.43946366285699,0,0
2023-12-12,250.57046500647795,53.0122542508212,0,0
2023-12-13,267.50994365585103,52.08167262545422,0,0
2023-12-14,253.89474635190604,50.66535145272987,0,0
2023-12-15,250.39992936850257,52.42305439337499,0,0
2023-12-16,238.11658344108133,51.43283240442795,0,0
2023-12-17,239.00701672755412,51.616024461504864,0,0
2023-12-18,252.34320427829724,52.79107523430328,0,0
2023-12-19,259.56244729276466,53.50267189331569,0,0
2023-12-20,296.5107926908909,52.34493491563769,0,1
2023-12-21,285.34216662721406,52.69135722760616,0,1
2023-12-22,263.5796152705597,54.143175916867506,0,1
2023-12-23,270.8543056644035,52.73971638759736,0,1
2023-12-24,281.379904466327,55.15820371169929,0,1
2023-12-25,282.3295619705457,53.17913254016443,0,1
2023-12-26,292.6207232203362,50.90949717507739,0,1
2023-12-27,303.0912502486758,53.47976325562838,0,1
2023-12-28,284.79264293679097,53.16325638280788,0,1
2023-12-29,294.2710687808595,54.127031867436024,1,1
2023-12-30,300.7889179816121,53.56513650915492,1,1
2023-12-31,276.139462295845,52.80766041452184,0,1
2024-01-01,251.30143139700522,51.775454957552846,0,0
2024-01-02,265.1764120766528,52.84383273859344,0,0
2024-01-03,273.3320890812859,52.25489489745026,0,0
2024-01-04,264.1669686628319,52.57689845516009,0,0
2024-01-05,257.64173823166607,53.79744480240388,0,0
2024-01-06,288.96633020094464,54.929644177308106,1,0
2024-01-07,249.98000922963018,53.70470420363371,0,0
2024-01-08,264.32157642225894,52.16385338573184,0,0
2024-01-09,265.13070452093245,53.85344481515707,0,0
2024-01-10,264.27723732066306,54.65397251654216,0,0
2024-01-11,287.6614773868635,52.89544155892331,1,0
2024-01-12,254.93785570343596,53.4184667564571,0,0
2024-01-13,256.5663187650336,53.61379919151729,0,0
2024-01-14,275.41005040136366,52.86019907093686,0,0
2024-01-15,258.13948292284925,54.338715332519214,0,0
2024-01-16,269.3258459303992,53.61416732150878,0,0
2024-01-17,274.1395889690907,54.19866358855348,0,0
2024-01-18,273.74729742564944,52.93498190912657,0,0
2024-01-19,264.12714191114907,53.427678281058135,0,0
2024-01-20,266.4982771987842,54.62949239137935,0,0
2024-01-21,239.9395802136258,53.575556819373546,0,0
2024-01-22,247.02972218165587,55.71592989819289,0,0
2024-01-23,271.88936397317286,53.62919585137444,0,0
2024-01-24,286.5512402840067,54.292665570664866,0,0
2024-01-25,259.76231581574143,55.03899633363069,0,0
2024-01-26,241.613112678343,52.72573343452405,0,0
2024-01-27,265.48950316042817,52.420246320090335,0,0
2024-01-28,265.0501759345808,52.69161050240921,0,0
2024-01-29,260.65806841707456,55.5153118794795,0,0
2024-01-30,270.9938070027885,53.73557355090687,0,0
2024-01-31,271.2816698086029,56.879571687159945,0,0
2024-02-01,277.1042687329072,53.790296249605376,0,0
2024-02-02,262.41016613623407,54.57149143538034,0,0
2024-02-03,265.4123612785169,55.960665438880554,0,0
2024-02-04,265.62618385220367,56.45547717088461,1,0
2024-02-05,264.7822764763858,56.54092461014973,0,0
2024-02-06,271.43565367791666,55.71702662235492,0,0
2024-02-07,280.8418570408003,55.56115967831362,0,0
2024-02-08,273.8653130500843,55.15725320283933,0,0
